Lila Knight,65 Lake View Rd. Kanata /  ON K2K-3A7,6180936199
Lorena Henderson,7405 Winding Way Ave. Yarmouth /  NS B5A-2T6,9575397810
Angela Vargas,9356 Oakwood Ave. Kedgwick /  NB E8B-3A1,4279641258
Jasmine Morton,44 Oxford St. Chelsea /  QC J9B-2B7,1169211219
Damon Crawford,393 Fair Ave. Sainte-Marie /  QC G6E-3W4,4890839167
Juanita Stephens,32 North Homestead Ave. L'Île-Des-Soeurs /  QC H3E-3S5,2408138318
Jeffery Hudson,62 Brandywine Ave. Tecumseh /  ON N8V-3G9,2638316946
Gary Ramirez,318 NE. Peninsula St. Centreville /  NB E7K-3L8,7780937629
Hazel Peterson,81 Lantern Ave. Strathmore /  AB T1P-0L9,4042218494
Shannon Chandler,8264 Morris Street Grand Manan Island /  NB E5G-0Y4,6096974681
Ignacio Walker,6 James Lane Hants County /  NS B0N-1T1,4181053499
Ira Sanchez,250 Marvon Road Coaticook /  QC J1A-2T7,4093230199
Sue Ferguson,7990 8th St. Boucherville /  QC J4B-2E3,5359581368
Sherri Bowers,412 Poor House Lane Allardville /  NB E8L-1S4,4890839167
Eula Hughes,12 S. Low Lane Doaktown /  NB E9C-1P7,3727513730
Gabriel Mitchell,155 East Williams Dr. Sussex /  NB E4E-0K8,3698954554
Marvin Fitzgerald,8919 Big Rock Cove St. Edson /  AB T7E-0V9,3161148203
Tina Swanson,36 Main Street La Prairie /  QC J5R-0Z1,1335759858
Megan Obrien,30 Grand Ave. Debec /  NB E7N-0S4,4279641258
Ann Dixon,596 Locust Avenue Fort Saskatchewan /  AB T8L-1A9,6058389480
Jeannie Ruiz,128 NW. Rocky River Rd. Goderich /  ON N7A-3A5,8788623911
Jacquelyn Martinez,37 Depot Street La Plaine /  QC J7M-1P9,5686838060
Anne Graves,110 Elmwood St. Saint-Ambroise /  QC G7P-3S1,6111052951
Jonathan Brooks,82 Charles Drive Cochrane /  AB T4C-2H3,6762287166
Greg Walton,362 NW. Blossom Street Burin Peninsula /  LB A0E-0C0,9269948304
Inez Schneider,26 Linden St. Louiseville /  QC J5V-1C2,6333447045
Daisy Henry,617 Philmont Street Portage la Prairie /  MB R1N-2G7,4093230199
Lori Clayton,640 Wetland St. Carbonear /  LB A1Y-0L6,6036584198
Cynthia Gregory,838 Clinton Street Aurora /  ON L4G-1Y6,2400571173
Jeannette Thompson,244 Nut Swamp Drive Paris /  ON N3L-3G9,6025887620
Salvador Woods,94 Beachside Street Elizabethtown /  ON K6T-0K4,5827328397
Charlotte Blair,7816 Bridle Dr. Plaster Rock /  NB E7G-3L8,2400571173
Patty Medina,965 Globe Lane Quesnel /  BC V2J-2W9,1674571528
Rosemarie Gomez,984 Mechanic Rd. Tracadie-Sheila /  NB E1X-0L4,8998485430
Audrey Lopez,83 Hall Dr. Petitcodiac /  NB E4Z-1E6,2684135003
Phillip Perez,37 Meadow Road Scarborough /  ON M1B-1A1,1674571528
Katherine Mccoy,384 Johnson Ave. Delhi /  ON N4B-1G6,4769628030
Jared Cunningham,737 Pennsylvania Road Florenceville /  NB E7L-1V7,6762287166
Ernest Gonzalez,74 N. Second Court Wallaceburg /  ON N8A-1T7,4696483045
Carla Ramsey,7396 E. Vermilion Avenue Amos /  QC J9T-2S5,1682819269
Miguel Patton,7 Grotto Lane Saltspring Island /  BC V8K-3A1,3161148203
Blanche Austin,300 Foxrun Dr. Amherstburg /  ON N9V-3C7,1854381936
Luis Abbott,9870 Windfall St. Deer Island /  NB E5V-0W1,2638316946
Peter Carr,970 East Broom Rd.Suite 25 Amherstburg /  ON N9V-1Y8,4070628010
Danny Cobb,8048 Shady Dr. Kent /  ON N0P-0E3,1169211219
Alonzo Ford,9051 Walt Whitman St. Gananoque /  ON K7G-3R2,3698954554
Wilma Mason,9766 Bury St. Winfield /  BC V4V-0G0,2571557791
Hope Lane,125 Harrison Avenue Maniwaki /  QC J9E-0A6,1560074424
Stephanie Brady,750 Lexington St. Saint-Isidore /  NB E8M-3Y5,7476278410
Helen Anderson,175 Stillwater Lane Saint-Franþois /  QC H7B-2J7,2684135003
Cecilia Clark,9625 Mason Court Juan de Fuca Shore /  BC V0S-0R6,1560074424
Anita Keller,51 East El Dorado Ave. Lambton /  ON N0N-3J0,4070628010
Carroll Gardner,582 Bliss St. Saint-Isidore /  NB E8M-0E0,5674385752
Wanda Moreno,170 North Evergreen Lane Innisfil /  ON L9S-2B4,8731060830
Martin Klein,716 Market Rd. Strathroy /  ON N7G-0E7,6692247288
Katie Rose,76 South Golden Star Street Collingwood /  ON L9Y-2K5,5827328397
Norma Norman,98 West Lake View Ave. Saint-Raymond /  QC G3L-3K4,6740366707
David Vasquez,940 Old Arch Ave. Sturgeon Falls /  ON P2B-3P2,9050095541
Kristopher Zimmerman,1 Lily Street Petitcodiac /  NB E4Z-0Z8,6180936199
Franklin Chavez,8459 Brookside Court Amos /  QC J9T-1T0,9631571003
Eunice Cook,282 Lexington Street Albanel /  QC G8M-1E1,6096974681
Ervin Wilkerson,9007 South Bowman Lane Esquimalt /  BC V9A-2J3,1076017845
Shane Goodwin,7164 Oxford Drive Kimberley /  BC V1A-1C9,1076017845
Darla Cruz,7939 E. Thorne Drive Yorkton /  SK S3N-3T4,3643039115
Leticia Simmons,8583 Windsor Dr. Dundas /  ON L9H-2L6,4221240032
Blanca Harris,773 Clark Ave. Edmundston /  NB E3V-2X6,6813834018
Todd Wise,9504 Wilson St. Petitcodiac /  NB E4Z-2W8,9575397810
Delbert Rodriquez,99 South West Lane Peace River /  AB T8S-0H0,9050095541
Laura Simpson,15 Fordham Street Chibougamau /  QC G8P-1W3,5674385752
Alex May,7 Bishop Street Shediac /  NB E4P-1J5,2401882159
Elbert Figueroa,730 Archer Ave. Pintendre /  QC G6C-3H1,7953589847
Miranda Barker,492 Nova St. Ottawa /  ON K1G-1A4,2408138318
Olivia Frank,9118 William St. Lambton /  ON N0N-0T2,4129220873
Kelly Hawkins,250 E. Innovation Court Kingston /  NB E5S-3E7,6532464345
Victor Nash,334 SE. Peachtree Ave. Reserved /  QC H0H-3K5,6743597141
Kurt Turner,9348 Elm Street Richmond /  BC V7B-1P0,5686838060
Myrtle Craig,7786 Sunny Lane Doaktown /  NB E9C-3S5,6692247288
Dexter Sandoval,5 West Birch Hill Lane Brockville /  ON K6V-0J1,3749770960
Herman Watson,100 Coach Street Innisfail /  AB T4G-2X0,6813834018
Marcia Ball,487 Buckingham Court Summerside /  PE C1N-1V1,4221240032
Paul Diaz,324 Garnet St. Swift Current /  SK S9H-1K6,4042218494
John Torres,20 Corona Drive Qualicum Beach /  BC V9K-2Y6,8998485430
Sheri Adkins,9633 Shirley Drive Big Bras d'Or /  NS B1X-0P2,3749770960
Tanya Montgomery,58 Granite Drive Nelson /  BC V1L-2T6,3727513730
Antonia Fleming,8342 Fairfield Court L'Île-Des-Soeurs /  QC H3E-3C2,8731060830
Willie Parker,7851 N. Henry Smith St. Valleyfield /  QC J7X-3P4,6036584198
May Carroll,4 Richardson St. Riding Mountain /  MB R0J-1A1,1682819269
Scott Franklin,30 North Lake St. Beresford /  NB E8K-3S9,7476278410
Katrina Harper,61 SW. Golf St. Kananaskis Country /  AB T0L-0R9,1977131864
Verna Copeland,541 Seaview St. Chaudière-Nord /  QC G0S-2Z8,4769628030
Darrell Price,37 Globe St. Similkameen /  BC V0X-1Z9,1977131864
George Gill,95 Law St. Lavaltrie /  QC J5T-3P0,7780937629
Robert Potter,29 West Oak Meadow Street Duvernay /  QC H7E-3V3,2401882159
Kyle Carlson,913 Bedford St. Riverview /  NB E1B-1W4,6111052951
Marguerite Campbell,9786 Kent Court Fabreville /  QC H7P-3K8,9269948304
Eileen Manning,77 Marlborough Rd. Peterborough /  ON K9K-0G6,8788623911
Tracy Mclaughlin,751 Prince Ave. Ladysmith /  BC V9G-1G4,6740366707
Alma Dennis,8498 Tunnel St. Saint-Pierre /  QC H8R-3K3,5359581368
Margie Kennedy,484 South Roberts Road Région de Beauce /  QC G0M-2V5,7953589847
Leo Chambers,569 East Museum St. Pierrefonds /  QC H8Z-1H4,4696483045